{
  "project_info": {
    "project_number": "1032276173003",
    "project_id": "stedata-88a4c",
    "storage_bucket": "stedata-88a4c.firebasestorage.app"
  },
  "client": [
    {
      "client_info": {
        "mobilesdk_app_id": "1:1032276173003:android:8533e51c2d3972ea01fb4e",
        "android_client_info": {
          "package_name": "com.example.stedata"
        }
      },
      "oauth_client": [],
      "api_key": [
        {
          "current_key": "AIzaSyDZWEUAkuTxfNuOPyQxcgl1tdwniUCA1Sc"
        }
      ],
      "services": {
        "appinvite_service": {
          "other_platform_oauth_client": []
        }
      }
    }
  ],
  "configuration_version": "1"
}